<?xml version="1.0" encoding="UTF-8"?>
<fmiModelDescription fmiVersion="2.0" modelName="PythonSlave" guid="74e510d9-3042-11ed-bc78-6ca1004fc202" generationTool="PythonFMU 0.6.2" generationDateAndTime="2022-09-09T13:22:30+00:00" variableNamingConvention="structured" description="A simple description" author="John Doe">
	<CoSimulation needsExecutionTool="true" canHandleVariableCommunicationStepSize="true" canInterpolateInputs="false" canBeInstantiatedOnlyOncePerProcess="false" canGetAndSetFMUstate="false" canSerializeFMUstate="false" modelIdentifier="PythonSlave" canNotUseMemoryManagementFunctions="true">
		<SourceFiles>
			<File name="headers/cppfmu/cppfmu_common.hpp"/>
			<File name="headers/cppfmu/cppfmu_cs.hpp"/>
			<File name="headers/pythonfmu/PySlaveInstance.hpp"/>
			<File name="headers/pythonfmu/PyState.hpp"/>
			<File name="cpp/cppfmu_cs.cpp"/>
			<File name="cpp/fmi_functions.cpp"/>
			<File name="cpp/PySlaveInstance.cpp"/>
			<File name="CMakeLists.txt"/>
		</SourceFiles>
	</CoSimulation>
	<LogCategories>
		<Category name="logStatusWarning" description="Log messages with fmi2Warning status."/>
		<Category name="logStatusDiscard" description="Log messages with fmi2Discard status."/>
		<Category name="logStatusError" description="Log messages with fmi2Error status."/>
		<Category name="logStatusFatal" description="Log messages with fmi2Fatal status."/>
		<Category name="logAll" description="Log all messages."/>
	</LogCategories>
	<ModelVariables>
		<ScalarVariable name="intOut" valueReference="0" causality="output">
			<Integer/>
		</ScalarVariable>
		<ScalarVariable name="realOut" valueReference="1" causality="output">
			<Real/>
		</ScalarVariable>
		<ScalarVariable name="booleanVariable" valueReference="2" causality="local">
			<Boolean/>
		</ScalarVariable>
		<ScalarVariable name="stringVariable" valueReference="3" causality="local">
			<String/>
		</ScalarVariable>
	</ModelVariables>
	<ModelStructure>
		<Outputs>
			<Unknown index="1"/>
			<Unknown index="2"/>
		</Outputs>
	</ModelStructure>
</fmiModelDescription>
